1-72626982,11-117450776,12-99770603,13-111573182,14-38697677,19-38650785,19-7580415,7-115077097,7-131810522,9-97641194,Bgd_Si 350 MeV/n_4,FociPerGy_Si 350 MeV/n_4,Bgd_Si 350 MeV/n_8,FociPerGy_Si 350 MeV/n_8,Bgd_Si 350 MeV/n_24,FociPerGy_Si 350 MeV/n_24,Bgd_Si 350 MeV/n_48,FociPerGy_Si 350 MeV/n_48,Bgd_Ar 350 MeV/n_4,FociPerGy_Ar 350 MeV/n_4,Bgd_Ar 350 MeV/n_8,FociPerGy_Ar 350 MeV/n_8,Bgd_Ar 350 MeV/n_24,FociPerGy_Ar 350 MeV/n_24,Bgd_Ar 350 MeV/n_48,FociPerGy_Ar 350 MeV/n_48,Bgd_Fe 600 MeV/n_4,FociPerGy_Fe 600 MeV/n_4,Bgd_Fe 600 MeV/n_8,FociPerGy_Fe 600 MeV/n_8,Bgd_Fe 600 MeV/n_24,FociPerGy_Fe 600 MeV/n_24,Bgd_Fe 600 MeV/n_48,FociPerGy_Fe 600 MeV/n_48,Bgd_X-ray_4,FociPerGy_X-ray_4,Bgd_X-ray_24,FociPerGy_X-ray_24,Bgd_X-ray_48,FociPerGy_X-ray_48
0,0,0,0,0,0,0,0,1,0,0.475307117,0.31430466,0.599841846,0.423515272,0.535753536,0.352514714,0.593790947,0.623977866,0.935741775,0.846586983,0.112213359,0.155952471,0.605852067,0.448584442,0.808824908,0.935748468,0.922901159,0.259064851,0.492786964,0.014258533,0.6057655,0.121670455,0.594644723,0.583568884,0.319801334,0.021167928,0.171874497,0.129196619,0.917291428,0.515595324
0,0,0,0,0,0,0,0,0,1,0.103064813,0.469787062,0.000534018,0.287296919,0.043183721,0.855527446,0.188316997,1.0,0.052417943,0.181719847,0.033470939,0.454180681,0.133665265,0.796408877,0.593750946,0.806640174,0.723793009,0.454180681,0.307392472,0.007479365,0.526470798,0.038809933,0.006536346,0.000183891,0.358322049,0.239910647,0.521372061,0.16302975,0.599536202,0.234113569
0,0,0,0,0,0,1,0,0,0,0.389742068,0.737315677,0.931462774,0.077700863,0.552883238,0.322182706,0.39441372,0.816375131,0.488085044,0.208540975,0.290879425,0.617208574,0.6632882,0.488130452,0.33720407,0.014258533,0.859170738,0.026083755,0.050849354,0.142325622,0.055968104,0.117835671,0.401756717,0.023995059,0.000893785,2.03e-05,0.00072242,0.001065859,0.001632702,0.001503672
0,0,1,0,0,0,0,0,0,0,0.900860784,0.149471552,0.327702936,0.00982465,0.162420532,0.164725766,0.669241498,0.310425064,0.160789498,0.558548998,0.011991595,0.667089689,0.03080177,0.082248095,0.066777761,0.418702781,0.769807003,0.335283486,0.490889428,0.228431983,0.564201672,0.163416696,0.958828769,0.301908383,0.391273377,0.02126244,0.478028918,0.121667571,0.288934202,0.15594927
0,0,0,0,0,0,0,1,0,0,0.189815475,0.034653375,0.245260903,0.26467986,0.358311707,0.061361426,0.400779288,0.717996928,0.349162411,0.01128569,0.666491515,0.351858063,0.137264353,0.300680455,0.043965709,0.062946516,0.040232315,0.099326201,0.095749605,0.626343302,0.047207242,0.197653079,0.294790967,0.072014087,0.000723581,0.014560916,0.009892501,0.003789349,0.192471305,0.003385331
1,0,0,0,0,0,0,0,0,0,0.729002387,0.184408274,0.066634811,0.065049469,0.450814325,0.35308146,0.886534591,0.18193709,0.550457339,0.854402602,0.213812223,0.347034316,0.383668836,0.608374797,0.590157211,0.086866651,0.543804638,0.169745532,1.0,0.106985631,0.243968183,0.02118271,0.992190213,0.106985631,1.0,0.053483089,0.460102229,0.025322375,0.223187822,0.045936338
0,0,0,1,0,0,0,0,0,0,0.018887429,0.496648773,0.064310185,0.22555968,0.003388482,0.243448119,0.263672863,0.413929048,0.009089525,0.517796534,0.007339609,0.517796534,0.611992446,0.082032527,0.537805207,0.77400582,0.949429453,0.679697013,0.350472316,0.296396297,0.935005455,0.640643194,0.441365045,0.627832688,0.818096227,0.936901947,0.034967799,0.301742156,0.389549998,0.463229341
0,1,0,0,0,0,0,0,0,0,0.25195588,0.833374428,0.616606427,0.569429905,0.878596834,0.628268192,0.410325234,0.346236998,0.52566799,0.57804944,0.46323127,0.117970905,0.306786366,0.015269522,0.463024758,0.768529546,0.414397432,0.883034659,0.753891939,0.067059696,0.468126831,0.188882363,0.597861752,0.857291784,0.190164923,0.103453921,0.614473328,0.170982287,0.174956204,0.372592176
0,0,0,0,0,1,0,0,0,0,0.003452443,0.198140222,0.006584787,0.323988863,4.92e-05,0.702799281,0.070872122,0.573229418,0.001201439,0.01735887,0.003275316,0.245011604,0.23329749,0.749934975,0.649116272,0.969003958,0.319171986,0.785575508,0.007984786,0.70323007,0.203844032,0.498389769,0.993743455,0.387300274,0.235617804,0.335649454,0.456772062,0.904475971,0.148074764,0.380813101
0,0,0,0,1,0,0,0,0,0,0.510971389,0.773741906,0.107084975,0.837501791,0.702710338,0.988711363,0.966167159,0.261118709,0.708945434,0.108607559,0.703982335,0.062641082,0.607765161,0.267858006,0.566364437,0.041464258,0.640680954,0.032789325,0.841371904,2.67e-08,0.397129352,0.00021935,0.343881897,0.004463517,0.651273786,0.006655463,0.328855769,0.018141548,0.574435861,0.004779209
